{
  "model": "RandomForestRegressor",
  "model_info": {
    "train_path": "data/features/random/random_train_morgan.npz",
    "val_path": "data/features/random/random_val_morgan.npz",
    "test_path": "data/features/random/random_test_morgan.npz",
    "n_train": 2486,
    "n_val": 311,
    "n_test": 311,
    "n_features": 2048,
    "hyperparameters": {
      "n_estimators": 500,
      "max_depth": null,
      "min_samples_split": 2,
      "min_samples_leaf": 1,
      "max_features": "sqrt",
      "random_state": 42,
      "n_jobs": -1
    }
  },
  "train": {
    "mae": 0.3751883568742379,
    "rmse": 0.5135338443463121,
    "r2": 0.9690634687274418
  },
  "validation": {
    "mae": 1.0340369210033562,
    "rmse": 1.4069007659670918,
    "r2": 0.8027068703767969
  },
  "test": {
    "mae": 1.0426661586447685,
    "rmse": 1.464381448984581,
    "r2": 0.7552147670591108
  }
}