{
  "model": "RandomForestRegressor",
  "model_info": {
    "train_path": "data/features/scaffold/scaffold_train_morgan.npz",
    "val_path": "data/features/scaffold/scaffold_val_morgan.npz",
    "test_path": "data/features/scaffold/scaffold_test_morgan.npz",
    "n_train": 2486,
    "n_val": 311,
    "n_test": 311,
    "n_features": 2048,
    "hyperparameters": {
      "n_estimators": 500,
      "max_depth": null,
      "min_samples_split": 2,
      "min_samples_leaf": 1,
      "max_features": "sqrt",
      "random_state": 42,
      "n_jobs": -1
    }
  },
  "train": {
    "mae": 0.35316823408618686,
    "rmse": 0.49141786598441645,
    "r2": 0.9726626474550479
  },
  "validation": {
    "mae": 1.4159536016377157,
    "rmse": 1.7935168896193707,
    "r2": 0.5448168891007487
  },
  "test": {
    "mae": 1.5424044751455657,
    "rmse": 2.0214252148303777,
    "r2": 0.5605144316517758
  }
}